id,name,email,city,signup_date,is_active
1,Paisley Thomas,paisley.thomas1@example.com,New York,2023-07-18,true
2,Amelia Taylor,amelia.taylor2@example.com,Chicago,2025-01-21,true
3,Gabriel Baker,gabriel.baker3@example.com,New York,2022-03-03,true
4,Benjamin Thompson,benjamin.thompson4@example.com,Atlanta,2025-05-17,true
5,Joseph Lee,joseph.lee5@example.com,Atlanta,2024-05-09,true
6,Nora Russell,nora.russell6@example.com,Austin,2022-01-14,true
7,Avery Baker,avery.baker7@example.com,Miami,2023-07-24,true
8,Benjamin Ross,benjamin.ross8@example.com,Miami,2022-07-29,true
9,Lily Anderson,lily.anderson9@example.com,Miami,2023-12-06,true
10,Andrew Brown,andrew.brown10@example.com,Denver,2025-01-03,true
11,Lily Wilson,lily.wilson11@example.com,Atlanta,2023-08-24,true
12,Aria Lee,aria.lee12@example.com,Chicago,2022-04-04,true
13,Joshua Lewis,joshua.lewis13@example.com,Chicago,2023-04-22,true
14,Lily Clark,lily.clark14@example.com,Denver,2025-07-25,true
15,Isabella King,isabella.king15@example.com,Miami,2023-03-06,true
16,Avery Long,avery.long16@example.com,Chicago,2025-06-01,true
17,Layla Ward,layla.ward17@example.com,Seattle,2022-12-01,false
18,Lily Clark,lily.clark18@example.com,Atlanta,2023-03-26,true
19,Ryan Miller,ryan.miller19@example.com,Seattle,2022-03-07,true
20,Leo Clark,leo.clark20@example.com,Chicago,2023-03-09,true
21,Benjamin Murphy,benjamin.murphy21@example.com,Denver,2024-03-21,false
22,Ethan Harris,ethan.harris22@example.com,Boston,2023-05-21,true
23,Isaac Russell,isaac.russell23@example.com,San Francisco,2025-04-10,false
24,Jack Thompson,jack.thompson24@example.com,Boston,2024-11-09,false
25,Liam Ross,liam.ross25@example.com,New York,2022-08-13,true
26,Paisley Jackson,paisley.jackson26@example.com,San Francisco,2025-05-06,true
27,Lily Wright,lily.wright27@example.com,Los Angeles,2024-08-16,true
28,Joseph Smith,joseph.smith28@example.com,Chicago,2025-01-04,true
29,Joshua Murphy,joshua.murphy29@example.com,Miami,2022-08-17,true
30,Owen Jackson,owen.jackson30@example.com,Denver,2022-01-07,true
31,Hannah Ross,hannah.ross31@example.com,Boston,2024-11-05,true
32,Nathaniel Foster,nathaniel.foster32@example.com,Austin,2025-08-01,true
33,Ethan King,ethan.king33@example.com,Boston,2025-01-09,true
34,Stella Walker,stella.walker34@example.com,Denver,2022-02-09,true
35,Jack Robinson,jack.robinson35@example.com,Seattle,2022-04-29,true
36,Diana Flores,diana.flores36@example.com,Chicago,2022-06-25,false
37,Violet Davis,violet.davis37@example.com,Atlanta,2022-09-15,true
38,Ruby Carter,ruby.carter38@example.com,Atlanta,2022-12-05,true
39,William Brooks,william.brooks39@example.com,San Francisco,2023-03-10,true
40,Elijah Robinson,elijah.robinson40@example.com,San Francisco,2024-02-04,false
41,William Adams,william.adams41@example.com,Chicago,2023-05-23,true
42,Emma Young,emma.young42@example.com,New York,2025-04-19,true
43,Gabriel Thompson,gabriel.thompson43@example.com,New York,2022-05-26,true
44,Amelia Davis,amelia.davis44@example.com,New York,2023-11-08,true
45,Hannah White,hannah.white45@example.com,Austin,2024-09-21,true
46,Layla Taylor,layla.taylor46@example.com,Los Angeles,2025-03-26,false
47,Henry Carter,henry.carter47@example.com,San Francisco,2023-01-25,true
48,Sophia Price,sophia.price48@example.com,San Francisco,2023-12-27,false
49,Scarlett Nelson,scarlett.nelson49@example.com,New York,2022-07-21,true
50,Leo Ward,leo.ward50@example.com,Miami,2022-08-12,true
51,Charlotte Lee,charlotte.lee51@example.com,Atlanta,2024-07-07,true
52,Owen Martin,owen.martin52@example.com,Austin,2024-08-05,true
53,Nathaniel Davis,nathaniel.davis53@example.com,Denver,2025-02-01,true
54,Noah Murphy,noah.murphy54@example.com,Atlanta,2022-01-31,true
55,Bella White,bella.white55@example.com,Boston,2024-04-12,false
56,Zoe Perez,zoe.perez56@example.com,San Francisco,2022-05-01,true
57,Lily Smith,lily.smith57@example.com,San Francisco,2023-06-28,false
58,Ella Baker,ella.baker58@example.com,Atlanta,2024-09-23,true
59,Charlotte Lewis,charlotte.lewis59@example.com,Seattle,2022-04-30,true
60,Isaac Walker,isaac.walker60@example.com,New York,2022-04-13,false
61,Hannah Campbell,hannah.campbell61@example.com,Boston,2022-04-27,true
62,Skylar Martin,skylar.martin62@example.com,Chicago,2025-05-03,true
63,Nathan White,nathan.white63@example.com,San Francisco,2022-09-03,true
64,Gabriel Brooks,gabriel.brooks64@example.com,New York,2025-06-22,true
65,Scarlett Price,scarlett.price65@example.com,Los Angeles,2025-03-03,true
66,Harper Perez,harper.perez66@example.com,Miami,2023-05-04,true
67,Leo Taylor,leo.taylor67@example.com,Austin,2024-07-25,true
68,Bella Davis,bella.davis68@example.com,New York,2024-07-27,true
69,Emma Torres,emma.torres69@example.com,Seattle,2024-11-02,true
70,Mia Allen,mia.allen70@example.com,Chicago,2023-05-16,true
71,Ella Jackson,ella.jackson71@example.com,Denver,2025-01-17,true
72,Christopher Murphy,christopher.murphy72@example.com,Atlanta,2022-01-17,true
73,Ruby Anderson,ruby.anderson73@example.com,Boston,2023-06-26,true
74,Diana Anderson,diana.anderson74@example.com,Atlanta,2022-11-15,true
75,Ella Brooks,ella.brooks75@example.com,Seattle,2023-12-04,true
76,Nathan Foster,nathan.foster76@example.com,Austin,2024-11-01,false
77,Harper Miller,harper.miller77@example.com,Chicago,2025-07-23,false
78,Ryan Clark,ryan.clark78@example.com,New York,2022-01-08,true
79,Joshua Taylor,joshua.taylor79@example.com,Austin,2022-11-27,false
80,Joseph Simmons,joseph.simmons80@example.com,San Francisco,2025-02-22,true
81,Mason Davis,mason.davis81@example.com,Boston,2025-01-22,true
82,Ryan King,ryan.king82@example.com,Los Angeles,2025-02-05,true
83,Owen Taylor,owen.taylor83@example.com,New York,2023-09-24,true
84,Aurora Brown,aurora.brown84@example.com,Miami,2023-03-07,true
85,Ruby Anderson,ruby.anderson85@example.com,Miami,2025-02-20,false
86,Christopher Barnes,christopher.barnes86@example.com,Boston,2023-04-30,true
87,Andrew Martin,andrew.martin87@example.com,San Francisco,2022-02-20,true
88,Isaac Young,isaac.young88@example.com,San Francisco,2023-05-24,true
89,Isabella Butler,isabella.butler89@example.com,Chicago,2024-02-23,true
90,Skylar Carter,skylar.carter90@example.com,Seattle,2023-02-13,false
91,Chloe Robinson,chloe.robinson91@example.com,Seattle,2023-04-02,true
92,Ruby Lee,ruby.lee92@example.com,San Francisco,2023-11-04,true
93,Nathaniel Davis,nathaniel.davis93@example.com,Austin,2023-12-21,false
94,Nathan Torres,nathan.torres94@example.com,Miami,2022-02-26,true
95,Diana Harris,diana.harris95@example.com,Boston,2025-04-04,true
96,Olivia Anderson,olivia.anderson96@example.com,Los Angeles,2024-06-08,true
97,Hazel Walker,hazel.walker97@example.com,San Francisco,2025-05-26,true
98,Lily Flores,lily.flores98@example.com,Seattle,2023-06-06,true
99,Elijah Baker,elijah.baker99@example.com,New York,2024-11-30,true
100,Jack Baker,jack.baker100@example.com,Chicago,2023-11-08,true
101,Ruby Thomas,ruby.thomas101@example.com,Austin,2024-11-04,true
102,Ruby Green,ruby.green102@example.com,Miami,2024-04-04,true
103,Joseph Taylor,joseph.taylor103@example.com,Seattle,2024-05-11,false
104,Nathan Barnes,nathan.barnes104@example.com,Boston,2025-06-14,true
105,Leo Powell,leo.powell105@example.com,New York,2023-09-15,true
106,Benjamin Baker,benjamin.baker106@example.com,Los Angeles,2025-05-27,true
107,Samuel Adams,samuel.adams107@example.com,Denver,2023-03-14,false
108,Aurora Barnes,aurora.barnes108@example.com,Boston,2022-06-23,true
109,Hannah Price,hannah.price109@example.com,Los Angeles,2023-11-18,true
110,Violet Ross,violet.ross110@example.com,Seattle,2023-09-28,true
111,Andrew Lee,andrew.lee111@example.com,Boston,2022-02-20,true
112,Henry Carter,henry.carter112@example.com,Los Angeles,2022-05-30,false
113,Scarlett Foster,scarlett.foster113@example.com,Los Angeles,2023-02-03,false
114,David Scott,david.scott114@example.com,Seattle,2022-10-30,true
115,Bella Anderson,bella.anderson115@example.com,San Francisco,2023-03-25,true
116,Andrew Butler,andrew.butler116@example.com,Atlanta,2024-08-09,true
117,Joseph White,joseph.white117@example.com,Chicago,2024-07-23,true
118,Andrew Nelson,andrew.nelson118@example.com,Atlanta,2025-02-18,true
119,Bella Adams,bella.adams119@example.com,Los Angeles,2024-10-30,false
120,Ryan Powell,ryan.powell120@example.com,Denver,2022-11-22,false
121,Nora Harris,nora.harris121@example.com,Seattle,2025-07-29,true
122,Joshua Campbell,joshua.campbell122@example.com,Denver,2025-07-07,true
123,Alexander Adams,alexander.adams123@example.com,Chicago,2023-08-09,true
124,Alexander Young,alexander.young124@example.com,Miami,2025-01-11,true
125,Mia Moore,mia.moore125@example.com,Seattle,2024-02-24,true
126,Elijah Perez,elijah.perez126@example.com,Chicago,2024-04-29,false
127,Michael Torres,michael.torres127@example.com,Denver,2024-05-01,true
128,Benjamin Green,benjamin.green128@example.com,San Francisco,2025-04-11,true
129,Skylar Ross,skylar.ross129@example.com,Los Angeles,2024-02-19,false
130,Ava Allen,ava.allen130@example.com,Austin,2024-03-09,false
131,Layla Barnes,layla.barnes131@example.com,Atlanta,2025-05-20,true
132,David Thompson,david.thompson132@example.com,Austin,2024-06-11,false
133,Lucas Wright,lucas.wright133@example.com,Miami,2024-04-08,true
134,Ryan Nelson,ryan.nelson134@example.com,Boston,2025-06-28,true
135,Leo Russell,leo.russell135@example.com,Los Angeles,2022-02-25,true
136,John Baker,john.baker136@example.com,Boston,2024-08-03,true
137,Noah Harris,noah.harris137@example.com,San Francisco,2023-11-02,true
138,Samuel Walker,samuel.walker138@example.com,Miami,2024-02-16,true
139,Bella Green,bella.green139@example.com,Austin,2022-06-17,false
140,Lucas Barnes,lucas.barnes140@example.com,Atlanta,2022-04-17,true
141,Amelia Murphy,amelia.murphy141@example.com,Chicago,2022-03-24,true
142,Henry Lee,henry.lee142@example.com,New York,2025-06-26,true
143,Henry Taylor,henry.taylor143@example.com,Denver,2022-08-23,true
144,Samuel Butler,samuel.butler144@example.com,Austin,2024-01-26,true
145,Stella Brooks,stella.brooks145@example.com,Chicago,2022-12-02,true
146,Sophia Russell,sophia.russell146@example.com,New York,2023-10-01,false
147,Leo Simmons,leo.simmons147@example.com,Seattle,2022-06-05,true
148,Sophia Butler,sophia.butler148@example.com,Austin,2025-05-14,true
149,Aurora Flores,aurora.flores149@example.com,New York,2023-12-13,false
150,Ruby King,ruby.king150@example.com,Chicago,2024-11-02,true
151,Ava Green,ava.green151@example.com,Denver,2022-08-05,false
152,Jack Foster,jack.foster152@example.com,Denver,2022-11-10,false
153,James Ward,james.ward153@example.com,Atlanta,2023-07-08,false
154,Samuel Baker,samuel.baker154@example.com,Los Angeles,2023-07-04,true
155,Skylar White,skylar.white155@example.com,Chicago,2023-07-26,false
156,Henry Ross,henry.ross156@example.com,Denver,2025-03-13,false
157,Michael Johnson,michael.johnson157@example.com,Denver,2023-10-28,true
158,David Perez,david.perez158@example.com,Miami,2023-06-14,true
159,Alexander Brooks,alexander.brooks159@example.com,Austin,2025-02-12,true
160,William Lee,william.lee160@example.com,Chicago,2023-05-10,false
161,David Powell,david.powell161@example.com,Seattle,2024-09-02,false
162,Nora Johnson,nora.johnson162@example.com,Chicago,2023-08-26,true
163,Leo Butler,leo.butler163@example.com,Seattle,2023-09-20,true
164,Zoe Powell,zoe.powell164@example.com,Atlanta,2023-12-06,false
165,Isaac Powell,isaac.powell165@example.com,Miami,2023-12-22,false
166,Alexander Robinson,alexander.robinson166@example.com,Austin,2023-04-18,true
167,Hazel Lee,hazel.lee167@example.com,Miami,2022-09-02,true
168,Charlotte Perez,charlotte.perez168@example.com,Denver,2023-07-21,true
169,Sophia Lee,sophia.lee169@example.com,Austin,2023-04-11,true
170,James Robinson,james.robinson170@example.com,New York,2024-12-29,true
171,Alexander Brown,alexander.brown171@example.com,New York,2025-02-07,true
172,Avery Taylor,avery.taylor172@example.com,Denver,2022-07-30,true
173,Aria Lewis,aria.lewis173@example.com,Denver,2024-09-07,false
174,Michael Martin,michael.martin174@example.com,New York,2023-06-02,false
175,Mason Davis,mason.davis175@example.com,San Francisco,2024-10-04,true
176,Aria Foster,aria.foster176@example.com,New York,2022-11-07,true
177,Andrew Flores,andrew.flores177@example.com,Austin,2022-06-24,true
178,Mason Powell,mason.powell178@example.com,San Francisco,2025-05-26,true
179,Joshua Campbell,joshua.campbell179@example.com,San Francisco,2024-07-11,false
180,Daniel Russell,daniel.russell180@example.com,San Francisco,2023-09-18,true
181,Christopher Barnes,christopher.barnes181@example.com,Chicago,2023-03-02,true
182,Harper Price,harper.price182@example.com,Chicago,2022-11-18,true
183,James Powell,james.powell183@example.com,Chicago,2022-11-17,true
184,Scarlett Adams,scarlett.adams184@example.com,Los Angeles,2024-08-20,true
185,Olivia Thompson,olivia.thompson185@example.com,Austin,2023-08-03,false
186,Emma Long,emma.long186@example.com,Seattle,2023-06-26,true
187,Owen Thomas,owen.thomas187@example.com,Atlanta,2023-04-06,true
188,Alexander Moore,alexander.moore188@example.com,Chicago,2022-05-03,true
189,Aurora Robinson,aurora.robinson189@example.com,Los Angeles,2025-03-11,true
190,Nora Thomas,nora.thomas190@example.com,Denver,2023-09-15,false
191,Alexander Perez,alexander.perez191@example.com,Atlanta,2024-10-08,false
192,Liam Brooks,liam.brooks192@example.com,New York,2024-06-03,true
193,Stella Harris,stella.harris193@example.com,New York,2022-07-07,true
194,Nathan Flores,nathan.flores194@example.com,Los Angeles,2022-02-12,true
195,Aria Brown,aria.brown195@example.com,Boston,2024-08-21,false
196,Alexander Martin,alexander.martin196@example.com,Los Angeles,2024-06-11,false
197,Liam Carter,liam.carter197@example.com,Miami,2024-04-16,true
198,Grace Price,grace.price198@example.com,Chicago,2022-11-26,true
199,Scarlett Butler,scarlett.butler199@example.com,Denver,2023-08-14,false
200,Violet Ross,violet.ross200@example.com,Atlanta,2022-03-17,false
201,Liam Walker,liam.walker201@example.com,Austin,2023-10-25,true
202,Joshua Scott,joshua.scott202@example.com,Atlanta,2022-01-03,false
203,Scarlett Miller,scarlett.miller203@example.com,Seattle,2024-11-27,true
204,Christopher Ross,christopher.ross204@example.com,Denver,2025-07-04,false
205,Bella Miller,bella.miller205@example.com,Seattle,2023-07-01,true
206,Ella Adams,ella.adams206@example.com,Denver,2022-09-06,true
207,Paisley Brooks,paisley.brooks207@example.com,Seattle,2022-11-21,true
208,Joseph Smith,joseph.smith208@example.com,Atlanta,2024-04-15,true
209,Amelia Thomas,amelia.thomas209@example.com,Denver,2022-08-29,true
210,David Simmons,david.simmons210@example.com,Austin,2024-11-08,true
211,Scarlett Carter,scarlett.carter211@example.com,Denver,2023-05-15,false
212,Joseph Moore,joseph.moore212@example.com,San Francisco,2023-01-26,true
213,Nathaniel Davis,nathaniel.davis213@example.com,Austin,2024-04-29,true
214,Aurora Perez,aurora.perez214@example.com,Austin,2022-01-06,true
215,Hazel Robinson,hazel.robinson215@example.com,Los Angeles,2025-04-02,false
216,Nathaniel Moore,nathaniel.moore216@example.com,Denver,2025-01-08,false
217,Chloe Young,chloe.young217@example.com,Atlanta,2025-01-17,false
218,Samuel Walker,samuel.walker218@example.com,Seattle,2023-05-05,false
219,Amelia Green,amelia.green219@example.com,New York,2023-10-14,false
220,Elijah Wright,elijah.wright220@example.com,San Francisco,2022-11-08,false
221,Olivia Taylor,olivia.taylor221@example.com,Atlanta,2025-04-23,true
222,Nathaniel Anderson,nathaniel.anderson222@example.com,Denver,2022-07-24,false
223,Ava Ward,ava.ward223@example.com,Boston,2024-04-19,true
224,Emma Carter,emma.carter224@example.com,Austin,2023-11-25,false
225,John Wilson,john.wilson225@example.com,Miami,2024-12-28,false
226,Grace Foster,grace.foster226@example.com,Denver,2025-01-13,true
227,Christopher Davis,christopher.davis227@example.com,Seattle,2025-07-16,true
228,Amelia Barnes,amelia.barnes228@example.com,Chicago,2024-06-07,true
229,Bella Foster,bella.foster229@example.com,Chicago,2024-06-27,true
230,Avery Robinson,avery.robinson230@example.com,New York,2022-04-05,true
231,Aurora Miller,aurora.miller231@example.com,Austin,2024-01-05,true
232,Owen Moore,owen.moore232@example.com,Seattle,2024-12-23,false
233,Aria Long,aria.long233@example.com,Boston,2022-12-15,true
234,Liam Coleman,liam.coleman234@example.com,San Francisco,2025-06-23,true
235,David Russell,david.russell235@example.com,Boston,2023-04-21,false
236,Paisley Harris,paisley.harris236@example.com,Denver,2023-06-07,true
237,Andrew Nelson,andrew.nelson237@example.com,Austin,2025-01-24,true
238,Emma Adams,emma.adams238@example.com,Miami,2025-04-18,true
239,Paisley Baker,paisley.baker239@example.com,Austin,2024-07-24,true
240,Charlotte Wright,charlotte.wright240@example.com,Denver,2022-08-07,true
241,Lily Flores,lily.flores241@example.com,Miami,2025-03-23,true
242,Avery Lewis,avery.lewis242@example.com,New York,2024-03-21,true
243,Ava Flores,ava.flores243@example.com,New York,2025-05-26,false
244,Ryan Lewis,ryan.lewis244@example.com,Seattle,2025-05-28,true
245,Amelia Foster,amelia.foster245@example.com,Seattle,2025-06-25,true
246,Nathan Ross,nathan.ross246@example.com,Boston,2025-07-10,true
247,Paisley Murphy,paisley.murphy247@example.com,New York,2023-09-25,false
248,Olivia Russell,olivia.russell248@example.com,Miami,2022-09-27,true
249,Ella Walker,ella.walker249@example.com,San Francisco,2022-12-26,true
250,Mia Torres,mia.torres250@example.com,Miami,2024-12-23,true
251,Ryan Jackson,ryan.jackson251@example.com,Austin,2024-09-13,true
252,Isaac Young,isaac.young252@example.com,Chicago,2024-08-17,true
253,Ethan Ross,ethan.ross253@example.com,Seattle,2024-03-24,true
254,Liam Scott,liam.scott254@example.com,New York,2023-06-26,true
255,Samuel King,samuel.king255@example.com,Austin,2025-04-12,false
256,Violet Foster,violet.foster256@example.com,Miami,2022-08-10,true
257,Zoe Johnson,zoe.johnson257@example.com,Los Angeles,2025-02-23,true
258,Christopher Thompson,christopher.thompson258@example.com,Chicago,2025-07-25,false
259,Avery Robinson,avery.robinson259@example.com,San Francisco,2022-08-27,true
260,Olivia Brown,olivia.brown260@example.com,Austin,2024-10-05,true
261,Sophia White,sophia.white261@example.com,Atlanta,2022-10-05,false
262,Samuel King,samuel.king262@example.com,Atlanta,2024-05-08,true
263,Diana Green,diana.green263@example.com,Chicago,2024-09-29,false
264,Alexander Brown,alexander.brown264@example.com,Miami,2023-03-21,false
265,Nora White,nora.white265@example.com,Miami,2022-07-23,true
266,Layla Murphy,layla.murphy266@example.com,Miami,2022-05-05,false
267,Alexander Lee,alexander.lee267@example.com,Chicago,2024-07-20,true
268,Ruby Perez,ruby.perez268@example.com,Los Angeles,2022-02-13,true
269,Aurora Young,aurora.young269@example.com,Seattle,2022-09-15,true
270,Emma Ross,emma.ross270@example.com,Atlanta,2023-03-01,true
271,Violet Thompson,violet.thompson271@example.com,Miami,2022-10-30,true
272,Alexander Moore,alexander.moore272@example.com,Boston,2025-01-11,true
273,Andrew Martin,andrew.martin273@example.com,Chicago,2022-02-22,true
274,Ava Allen,ava.allen274@example.com,Seattle,2025-04-20,true
275,Lucas Martin,lucas.martin275@example.com,Austin,2022-04-18,true
276,Isaac Green,isaac.green276@example.com,Atlanta,2022-08-21,true
277,Zoe Adams,zoe.adams277@example.com,Miami,2024-11-17,true
278,Nora Perez,nora.perez278@example.com,Seattle,2025-06-13,true
279,Hazel Price,hazel.price279@example.com,Atlanta,2023-09-10,false
280,John Johnson,john.johnson280@example.com,New York,2024-09-07,false
281,Owen Long,owen.long281@example.com,Chicago,2024-10-01,false
282,Emma Wilson,emma.wilson282@example.com,Miami,2025-05-30,true
283,Emma Taylor,emma.taylor283@example.com,Austin,2025-07-02,true
284,Lily Brooks,lily.brooks284@example.com,Atlanta,2023-08-27,false
285,Hannah Brooks,hannah.brooks285@example.com,San Francisco,2022-07-23,true
286,Skylar Murphy,skylar.murphy286@example.com,Atlanta,2023-03-17,false
287,Nora Thompson,nora.thompson287@example.com,San Francisco,2023-11-26,false
288,Leo Green,leo.green288@example.com,Chicago,2023-10-03,false
289,Grace Price,grace.price289@example.com,Austin,2024-02-06,true
290,Nathan Carter,nathan.carter290@example.com,Chicago,2022-07-06,true
291,Liam Baker,liam.baker291@example.com,Chicago,2024-02-03,true
292,Joseph Miller,joseph.miller292@example.com,Los Angeles,2025-02-24,true
293,Ruby Thomas,ruby.thomas293@example.com,San Francisco,2023-12-26,false
294,Nathaniel Ward,nathaniel.ward294@example.com,New York,2023-08-13,true
295,Chloe Anderson,chloe.anderson295@example.com,Los Angeles,2024-11-05,true
296,Ethan Price,ethan.price296@example.com,Denver,2023-04-05,true
297,Chloe Powell,chloe.powell297@example.com,Miami,2022-08-24,true
298,Aria Thompson,aria.thompson298@example.com,San Francisco,2025-02-22,true
299,Stella Price,stella.price299@example.com,Austin,2022-03-01,true
300,Alexander Butler,alexander.butler300@example.com,Austin,2023-11-27,true
301,Ava Martin,ava.martin301@example.com,Boston,2025-03-05,false
302,Emma Moore,emma.moore302@example.com,New York,2022-07-07,true
303,Lily Green,lily.green303@example.com,Denver,2023-11-30,true
304,Jack Robinson,jack.robinson304@example.com,Miami,2025-03-08,true
305,Diana Miller,diana.miller305@example.com,Boston,2022-11-19,true
306,Nathan Wilson,nathan.wilson306@example.com,Austin,2024-06-26,false
307,David Brooks,david.brooks307@example.com,Denver,2024-04-28,true
308,Benjamin Ross,benjamin.ross308@example.com,Atlanta,2022-08-22,true
309,Owen Thomas,owen.thomas309@example.com,Austin,2025-04-29,false
310,William Price,william.price310@example.com,Austin,2022-04-04,true
311,Leo Brooks,leo.brooks311@example.com,New York,2022-01-16,true
312,Daniel Perez,daniel.perez312@example.com,Boston,2023-06-08,true
313,Grace Thomas,grace.thomas313@example.com,New York,2024-10-15,false
314,James Taylor,james.taylor314@example.com,San Francisco,2024-12-26,true
315,Hannah Powell,hannah.powell315@example.com,Miami,2022-05-28,false
316,Nathaniel Barnes,nathaniel.barnes316@example.com,New York,2024-06-12,true
317,Samuel Davis,samuel.davis317@example.com,Miami,2025-03-25,false
318,Aria Scott,aria.scott318@example.com,San Francisco,2023-08-16,true
319,Leo Johnson,leo.johnson319@example.com,Miami,2022-12-18,false
320,Ryan Butler,ryan.butler320@example.com,Miami,2022-06-30,false
321,Skylar Anderson,skylar.anderson321@example.com,Seattle,2024-06-11,false
322,William Wilson,william.wilson322@example.com,San Francisco,2023-09-28,true
323,Amelia Young,amelia.young323@example.com,Boston,2022-06-06,true
324,William Perez,william.perez324@example.com,Seattle,2023-12-17,true
325,Hazel Murphy,hazel.murphy325@example.com,Boston,2023-04-29,true
326,Ethan Harris,ethan.harris326@example.com,Seattle,2022-12-22,true
327,Bella Ross,bella.ross327@example.com,Chicago,2022-12-29,false
328,Samuel Ross,samuel.ross328@example.com,Los Angeles,2025-04-01,false
329,Nathan Flores,nathan.flores329@example.com,Los Angeles,2023-10-24,true
330,Ethan Adams,ethan.adams330@example.com,Chicago,2024-08-18,false
331,Paisley Robinson,paisley.robinson331@example.com,Austin,2025-04-26,true
332,Chloe Perez,chloe.perez332@example.com,Chicago,2023-09-28,false
333,Nora Brown,nora.brown333@example.com,New York,2024-01-26,true
334,Emma Murphy,emma.murphy334@example.com,Chicago,2025-06-13,false
335,Samuel Russell,samuel.russell335@example.com,Atlanta,2022-03-26,false
336,Andrew Flores,andrew.flores336@example.com,Seattle,2023-10-21,false
337,Hannah Moore,hannah.moore337@example.com,New York,2024-07-11,true
338,Andrew Young,andrew.young338@example.com,Chicago,2024-10-30,true
339,Olivia White,olivia.white339@example.com,Denver,2024-06-18,true
340,Jack King,jack.king340@example.com,Austin,2024-03-04,false
341,Joshua Young,joshua.young341@example.com,Los Angeles,2022-04-18,true
342,Emma Young,emma.young342@example.com,Chicago,2025-02-16,false
343,Ella Harris,ella.harris343@example.com,Los Angeles,2022-11-04,true
344,Liam Russell,liam.russell344@example.com,Boston,2023-12-18,true
345,John Butler,john.butler345@example.com,San Francisco,2022-09-22,true
346,Daniel Powell,daniel.powell346@example.com,San Francisco,2023-11-04,true
347,Ruby Butler,ruby.butler347@example.com,Atlanta,2022-07-11,false
348,Hannah King,hannah.king348@example.com,New York,2024-01-13,true
349,James Perez,james.perez349@example.com,Miami,2024-09-22,true
350,Amelia Taylor,amelia.taylor350@example.com,Boston,2022-06-08,true
